{
  "num_nodes": 200,
  "num_partitions": 4,
  "final_loss": 3980.738037109375,
  "training_time": 2.7941927909851074,
  "partition_sizes": [
    60,
    52,
    45,
    43
  ]
}